{"cameraMode":{"drawMode":0,"name":"Shaded","section":"Shading Mode"},"sceneLighting":false,"audioPlay":false,"sceneViewState":{"m_AlwaysRefresh":false,"showFog":true,"showSkybox":false,"showFlares":true,"showImageEffects":true,"showParticleSystems":true,"showVisualEffectGraphs":true,"m_FxEnabled":true},"in2DMode":false,"pivot":{"x":0.13668736815452577,"y":-0.0806073546409607,"z":0.18958139419555665},"rotation":{"x":0.27274706959724429,"y":-0.020206259563565255,"z":0.005730038043111563,"w":0.9618574976921082},"size":0.8660253882408142,"orthographic":false}