{"cameraMode":{"drawMode":0,"name":"Shaded","section":"Shading Mode"},"sceneLighting":false,"audioPlay":false,"sceneViewState":{"m_AlwaysRefresh":false,"showFog":true,"showSkybox":false,"showFlares":true,"showImageEffects":true,"showParticleSystems":true,"showVisualEffectGraphs":true,"m_FxEnabled":true},"in2DMode":false,"pivot":{"x":16.374988555908204,"y":7.575339317321777,"z":0.4334014058113098},"rotation":{"x":0.19790984690189362,"y":-0.14583154022693635,"z":0.029789326712489129,"w":0.9688536524772644},"size":13.324727058410645,"orthographic":true}