{"cameraMode":{"drawMode":0,"name":"Shaded","section":"Shading Mode"},"sceneLighting":false,"audioPlay":false,"sceneViewState":{"m_AlwaysRefresh":false,"showFog":true,"showSkybox":false,"showFlares":true,"showImageEffects":true,"showParticleSystems":true,"showVisualEffectGraphs":true,"m_FxEnabled":true},"in2DMode":false,"pivot":{"x":-0.1497952938079834,"y":-0.0000017881393432617188,"z":0.13691496849060059},"rotation":{"x":-0.02277606725692749,"y":0.9304097294807434,"z":-0.05869394913315773,"w":-0.3610897660255432},"size":1.837117314338684,"orthographic":false}