{"cameraMode":{"drawMode":0,"name":"Shaded","section":"Shading Mode"},"sceneLighting":false,"audioPlay":false,"sceneViewState":{"m_AlwaysRefresh":false,"showFog":true,"showSkybox":false,"showFlares":true,"showImageEffects":true,"showParticleSystems":true,"showVisualEffectGraphs":true,"m_FxEnabled":false},"in2DMode":false,"pivot":{"x":-2.4730782508850099,"y":6.9567718505859379,"z":1.37835693359375},"rotation":{"x":0.2049356997013092,"y":0.001468176138587296,"z":-0.0003074029227718711,"w":0.9787744283676148},"size":81.8001708984375,"orthographic":true}